"","DIETS","phytoplankton","infauna","amphipods","epibenthic","micro-zoop","copepods","euphausiids","carniv-zoops","small jellies","large jellies","pandalid shp","benthic shp","Dungeness","tanner crb","mesopelagics","Benthic fish","surf perch","Other cephal.","Market squid","Sardine","Anchovy","Herring","Pacific Mackerel","Sandlance","White bait smelt","Other smelt","Saury","Juv. rock.","Juv. hake","Juv. flat.","Juv. round.","Juv. thorny.","Yellowtail rock.","Black rock.","Nearshore rock.","Yelloweye rock.","Greenstriped","Shelf rock.","Shortbelly","Petrale sole","Halibut","Hake","Lingcod","Arrowtooth","Sablefish","Albacore","Salmon","Grenadiers","Dogfish","Canary rock.","P. Ocean Perch","Widow rock.","Splitnose rock.","Slope rock.","Shortspine thorny.","Longspine thorny.","Flatfish","Skates","Sharks","Common murre","Cassin's auklet","Rhino. auklet","Tufted Puffin","Cali. gull","Western Gull","Kittiwake","Albatross","Fulmar","Shearwater","Leach's S. Petrel","Transient Orcas","Resident Orcas","Porpoises","Humpback whale","Minke whale","Fin whale","Sperm whale","Harbor seals","Sea Lions","Juv. Ele. Seal","Adult N. Ele. Seal","Fur seals","Blue whale","Gray whale","Dolphins","Brandt's corm.","Double corm.","Pelagic cormorant","Murrelet","Pigeon Guillemot","Caspian tern","Brown Pelican"
"1","phytoplankton","0","0","0.207785282330409","0","0.76160145460432","0.794198477364567","0.916691750069188","0.0218614005999624","0.535435978680305","0","0","0","0","0","0","0","0","0","0","0.261531563598909","0.320305636335421","0","0","0","0","0","0","0","0","0","0","0","0","0","0","0","0","0","0","0","0","0","0","0","0","0","0","0","0","0","0","0","0","0","0","0","0","0","0","0","0","0","0","0","0","0","0","0","0","0","0","0","0","0","0","0","0","0","0","0","0","0","0","0","0","0","0","0","0","0","0","0"
"2","infauna","0","0","0","0.401364710261111","0","0","0","0","0","0","0.241638966149249","0.350235164522421","0.399022227424724","0.812041048268034","0","0.297656944916853","0.444071289289242","0","0","0.00190280153003898","0","0","0","0","0.0421724240352251","0.00227879721165053","0","0.0106072039377516","0","0.596230348440288","0","0","0","0","0.0208501882282832","0","0","0.0031608011467188","0","0","0.00290812507823617","0.00332050932633257","0","0.000099152070209883","0.0183397373946315","0","0","0.142673713593749","0","0","0","0","0","0","0.0449270896613636","0.165296110988371","0.773782535937391","0.0178057251766302","0","0","0","0","0.0138392650354226","0","0.0024460564252822","0","0.00118707628315311","0","0.0299769720939002","0.0122458069037766","0","0","0","0","0","0","0","0","0","0","0","0","0","0.0106899153215853","0","0.0131932814643426","0","0.00234557639793836","0","0","0","0"
"3","amphipods","0","0","0","0.0262283973018819","0","0","0","0.0135567991802637","0","0","0.0165343640491717","0.0636548677297396","0.0350006565231146","0","0.0285745439718651","0.181793148626123","0.0872777499521112","0.0786365854413051","0.0047228559795867","0.00528236671228809","0","0.0422203201081185","0.00522035879203012","0.42436237104076","0.00645830377489412","0.16657764861935","0.0332621349294757","0.00724410515001152","0.00137768334168285","0.161200370269206","0.0132710632948951","0","0.00384968432076892","0.0088686253174639","0.0000475638238077234","0","0.00138400612058413","0.004596980418178","0.0623548162973759","0.0048672938186341","0","0","0","0.000229969299343239","0.00076344178111316","0","0.0106193221709079","0.0540007739378142","0.00142245658874991","0.00147272513298561","0.0281929095073957","0.0336622133373266","0.0171772022747043","0.0126236199302274","0.0615159231286814","0.0263011872720965","0.0578192397773526","0.00638804263176025","0","0","0.0146527986166488","0","0.000488054337654068","0.00640640276701243","0","0","0","0.0302217451417703","0.000185273411939941","0.0180277902576418","0","0","0","0","0.0114369951550793","0","0","0","0","0","0","0","0","0.644663755597507","0","0","0","0","0","0","0","0"
"4","epibenthic","0","0","0","0","0","0","0","0","0","0","0.0443157171585374","0.458163576441754","0.203986588980786","0.096639902702157","0","0.39730114957666","0.182563297157337","0.00465919202035809","0","0","0","0.00204398734857091","0.0488495385917388","0","0.282884772138218","0.238396486415773","0","0.0167474556443209","0.00773275571833125","0.23416751303322","0","0","0.00585196465482845","0.0352941556767211","0.0642172721845922","0.192379314870505","0.0571594636955497","0.0443195338453563","0","0.131543832780398","0.0213602423835368","0.00296328203772385","0.0480205260644659","0.0194060566677564","0.0462378892888143","0","0","0.16178854551655","0.0410974235190445","0","0.00203963798744041","0","0.00191295505428402","0.0272603110924863","0.0593860295585499","0.211543972940179","0.133054836614415","0.116206704379931","0.00634118625585043","0","0.00498003100599643","0","0","0","0.00494776796405934","0","0","0","0.00396493815842743","0.000213209808215851","0","0","0","0","0.000745739153602796","0","0","0.0273043043818716","0.00977006963693444","0","0.0479322270465515","0","0","0.0153897702342767","0","0","0","0","0","0","0","0"
"5","micro-zoop","0","0","0","0","0","0.205801522635433","0.0381618436021955","0.0282692925457136","0.223340698097185","0.0337582726896856","0","0","0","0","0","0","0","0","0","0.00949968750200526","0","0","0","0","0","0","0","0","0","0","0","0","0","0","0","0","0","0","0","0","0","0","0","0","0","0","0","0","0","0","0","0","0","0","0","0","0","0","0","0","0","0","0","0","0","0","0","0","0","0","0","0","0","0","0","0","0","0","0","0","0","0","0","0","0","0","0","0","0","0","0","0"
"6","copepods","0","0","0","0","0","0","0.0451464063286165","0.514189042842621","0","0.313867784335972","0.0915126341716056","0","0","0","0.330843364939157","0","0.22399379254843","0.0544314968453421","0.0183638259733255","0.294343488133437","0.133484918774042","0.192564882190396","0.158912613594575","0.245070396762378","0.0106072950530557","0.14744173537728","0.0374627912864743","0.375818290364189","0.0683319999099168","0","0.816758282841675","0.185422054003342","0","0","0","0","0.00393344956386127","0.0190760179479002","0.0739623926216573","0","0","0","0","0","0","0","0.0283781527505993","0","0","0","0","0.00379255086137523","0.00109444517909375","0","0","0","0.0095574570429965","0","0","0","0.408058121990769","0","0.00621314083653025","0","0","0","0","0.0416849909151184","0","0.00247649632588443","0","0","0","0","0.00618064912452759","0.00327024535935947","0","0","0","0","0","0","0","0","0","0","0","0","0","0","0","0"
"7","euphausiids","0","0","0","0","0","0","0","0.351971251042942","0","0.592150880329922","0.19681605665016","0","0","0","0.506968454896244","0","0","0.512264490450401","0.230528473512787","0.414555983701967","0.428873372056698","0.654605359392338","0.607744428665819","0.237520360553821","0.300437061767531","0.146962562061554","0.675338418588278","0.44167135561933","0.816439984962382","0","0.123359218775526","0.484991545262609","0.557301389939231","0.262987720019631","0.115205491055878","0","0.126813609695234","0.494414935848933","0.826611215334239","0.0025379799797927","0","0.697139852590175","0.00359770055979298","0.0710320888246324","0.0802943087578441","0.0043675698051157","0.168022644961638","0","0.256473072107465","0.917569305249684","0.766297549793902","0.306197296707684","0.757841871765738","0.722908364427818","0","0","0.00588456846364908","0.0537189693464839","0.0110212312818113","0.00951864099137445","0.399904605160281","0.0845535055870216","0.0460260245607615","0","0.00482521212106804","0.00659668964714732","0","0.0216357937825374","0.0668926998738992","0.303676996731747","0","0","0","0.292781787167218","0.516051057219924","0.774014110302688","0","0","0","0","0.0040113992917918","0","0.516995643426203","0.000645169269008086","0","0","0","0","0.13186065205525","0","0","0"
"8","carniv-zoops","0","0","0","0","0","0","0","0","0","0.00808423859077858","0.0249146814739265","0","0","0","0.0453833845982664","0","0","0.162053821481923","0.615267765359834","0.00205016631678806","0.0176575200351368","0.0812782748481974","0.012228804372033","0.0831742874222792","0.280462588298991","0.126995857468401","0","0.00285142532125023","0.0104561921877577","0","0.0281839085476572","0.27290990784958","0.0272516561174202","0.13418945135543","0.0841948537470883","0","0.338344810474051","0.00638212922651898","0.0370715757467282","0","0","0.0194812647686152","0.0154373647341374","0.00287998420347265","0.0129071114321199","0.00593944702986166","0.17780358662088","0","0.00475904840885685","0.0104649248183301","0.0633175733285651","0.219210560565608","0.184451812022175","0.0475667990468649","0.0188377454175378","0","0.000238210245365282","0.00286299332045539","0","0","0.00541958512083804","0","0","0","0","0","0.00110287941416307","0","0","0","0","0","0","0","0.00662674153489324","0.00670518652197002","0","0","0","0","0.0131151787431763","0","0","0.00170073290578278","0.0235381071442758","0","0","0.00265398154417689","0.0408178357088599","0","0","0"
"9","small jellies","0","0","0","0","0","0","0","0.0469328317437744","0","0.0521388240536414","0","0","0","0","0.0404402475459182","0","0","0.126497372196924","0.0072603868213403","0.00912048832739019","0.0965709507460488","0.00512241711913795","0.0182239541535751","0","0","0.082256095647183","0","0.00336266585850324","0","0","0","0.0566764928844688","0.0596660447438949","0.014390954533828","0.136755670231134","0","0","0","0","0","0","0","0","0","0.0453390255279907","0","0.00927020443216935","0","0","0.00023950010976951","0","0.308424543535328","0","0","0.00254320697202939","0.00801328572145342","0","0","0","0","0","0","0","0","0","0","0","0","0","0","0","0","0","0","0.00114140369357281","0","0","0","0","0.0229838666287391","0.00736224201691414","0","0","0","0","0","0","0","0","0","0","0"
"10","large jellies","0","0","0","0","0","0","0","0.0232193820447229","0","0","0","0","0","0","0.0266337714586172","0","0","0","0.073491212720814","0","0","0","0.00684315564269494","0","0","0.0538571144454242","0","0","0","0","0","0","0.00844919741081943","0.028155213879197","0.102415407053949","0","0","0","0","0","0","0","0","0","0.0340781514624057","0","0.00240686104353597","0","0.0465955133141042","0","0","0.0337679308905976","0","0.00864201109953666","0","0","0","0","0","0","0","0","0","0","0","0","0","0","0.00647728794800027","0.211864848218491","0","0","0","0","0","0","0","0","0","0","0","0","0","0","0","0","0","0","0","0","0","0"
"11","pandalid shp","0","0","0","0","0","0","0","0","0","0","0","0","0","0","0","0.0106258889585426","0.0189719060594998","0.0145260234315841","0","0","0","0","0","0","0","0","0","0.0325678765922167","0","0","0","0","0.0190152095385129","0","0.000141771144172838","0.110785380736338","0.400286738492106","0.0552344786162439","0","0.00950958872370285","0.0140441141564553","0.00545304829170772","0.0162573717446389","0.0472566720802656","0.0155931739969182","0","0","0.0107778254822882","0.00923103189061818","0.0336323316155033","0.0114934376920717","0.00211097854033465","0","0.0719618521717138","0.0719957454562716","0.0067628745332949","0.00350426741535592","0.0106956019977572","0","0","0.00427094416479827","0","0","0","0","0","0","0","0","0","0","0","0","0","0","0","0","0","0","0","0","0","0","0","0","0","0","0.0029245832861393","0","0","0","0"
"12","benthic shp","0","0","0","0","0","0","0","0","0","0","0","0","0.19247406841881","0","0","0.0298893248931123","0.00716976692464691","0.00353365396174137","0","0","0","0","0.00442463720613777","0","0","0","0","0.0819583647606708","0.0157498832962043","0.00840176825728598","0","0","0","0.0429900003851059","0.226285255537766","0.00407484832820745","0.00984382749292431","0.00963663669619622","0","0.214724162899172","0.0137053143148535","0.0292818170097836","0.00596441401637909","0.00159384412980981","0.0032791681265312","0","0","0.0396902666997032","0.00922615440662804","0","0","0","0.000300989283342706","0.00482943322860338","0.147016808140595","0.233527675737774","0.0125434294635406","0.280013584410103","0","0","0","0","0","0","0","0","0","0","0","0","0","0","0","0","0","0","0","0","0","0","0","0","0","0","0","0","0","0.00935487960565501","0","0","0","0"
"13","Dungeness","0","0","0","0","0","0","0","0","0","0","0","0","0.00432835035002606","0","0","0.0120568353605557","0","0","0","0","0","0","0","0","0","0","0","0","0","0","0","0","0","0","0.00145526024475919","0","0","0","0","0.00150061482152889","0.0162404627929748","0","0.0571762611411792","0.000559250532505503","0.0000802932066914002","0","0","0","0.0295973973126666","0","0","0","0.00000350663667603897","0","0","0","0","0.0613453829741194","0.0027506846647882","0","0","0","0","0","0.00106836314994752","0","0","0","0","0","0","0","0","0","0","0","0","0.0164288522082009","0","0","0","0","0","0","0","0","0","0","0","0","0","0"
"14","tanner crb","0","0","0","0","0","0","0","0","0","0","0","0","0","0","0","0.00358318944974803","0","0","0","0","0","0","0","0","0","0","0","0.0144285933042813","0","0","0","0","0","0","0","0","0","0","0","0","0.000623945202618144","0","0","0.0016700948500901","0.00115971090663758","0","0","0","0","0","0","0","0","0","0.16952613816195","0.096680090594167","0","0.0121807565861145","0","0","0","0","0","0","0","0","0","0","0","0","0","0","0","0","0","0","0","0","0","0","0","0","0","0","0","0","0","0","0","0","0","0"
"15","mesopelagics","0","0","0","0","0","0","0","0","0","0","0","0","0","0","0.0028602808739861","0","0","0.0244943708225984","0","0","0","0","0","0","0","0","0","0.00715911796823599","0.0583814130718901","0","0","0","0.0469034525434249","0","0","0","0.0153999432446639","0.0855715065319025","0","0","0","0.0945686846428968","0.00144675725811602","0.00229662736614459","0.0216627766303305","0.000259555500472095","0.0113222464267037","0.0511912155292964","0","0.0127768810212593","0.0814024947524794","0.0363201981943174","0.0114084549657921","0.0502693523263601","0.0393491939915983","0.105072559533809","0","0.0356779909581127","0.0200744699307067","0.0100453295738626","0","0","0.107229535824084","0","0.0397845388182438","0.0140593461712602","0.00175579470545133","0","0.000892075065562761","0.300851875655069","0","0.0167573761596053","0.0342753471478413","0","0","0.0547672912466378","0.0369594649044138","0.0355302573245731","0.0200602173381441","0.0798558833573549","0","0.0123830470834985","0","0","0.239818698096818","0.0353497310231149","0.00823746335674212","0.000607765670565351","0","0","0","0"
"16","Benthic fish","0","0","0","0","0","0","0","0","0","0","0","0","0.00896635940757604","0","0","0","0","0","0","0","0","0","0.0186551019342152","0","0","0","0.0510302126073438","0.00340306426576082","0","0","0","0","0.0082915494477303","0.0189913914336643","0.0334130431643688","0.138016364727893","0","0.0316109171261014","0","0.114986050321176","0.0193854670050767","0.00733230938522978","0.273911511464209","0.014176129157491","0.0522963626855068","0","0.00253522397774341","0.0449773522080232","0.0638334293205654","0","0.0108548632946075","0","0.000154468250627288","0","0.0531096440221447","0.0485702967177582","0","0.0214984104795059","0.0101698437522756","0.0823150351108994","0","0","0","0","0.000779121889791823","0","0","0","0","0.000629874594444566","0","0.0308517214900957","0.0221943845887962","0","0","0","0","0.0510823235454605","0.0194645644416348","0.0402139407984936","0","0.00384717619426023","0","0","0.00992385028196018","0.0308029184187011","0.0394386323984781","0.402972837347533","0","0.362630347529342","0.0433884475860413","0"
"17","surf perch","0","0","0","0","0","0","0","0","0","0","0","0","0","0","0","0","0","0","0","0","0","0","0","0","0","0","0","0","0","0","0","0","0","0","0.0264138040819882","0","0","0","0","0","0.0059989925222138","0","0.00165964839379973","0","0","0","0","0","0.000821455959363364","0","0","0","0","0","0","0","0","0.001586953325316","0","0.0436752751462486","0","0","0","0","0.00634537374765073","0","0","0","0","0","0","0","0","0","0","0","0","0.0264545645880327","0.00729436754758766","0.00284948426072942","0","0","0","0","0.0082217323975792","0.0418830092223044","0.350062331661865","0","0.00936121314043744","0.00350897929661764","0.184878838544448","0"
"18","Other cephal.","0","0","0","0","0","0","0","0","0","0","0","0","0.00298384978034524","0","0.0182959517159458","0.00223790044311717","0","0.00299964351724713","0.00628835580586777","0","0.000832894163426345","0","0.00104176924591447","0","0","0","0","0","0.0024731471904074","0","0","0","0.029752824530299","0","0.0118833695485772","0.00434844158403877","0.0196109884127335","0.00401608209639512","0","0.00297352837306704","0","0.0374360533315396","0.126252906323123","0.00398807612786914","0.0779776655783535","0.030910632340743","0.000049332336943426","0.290995744999828","0.0513498365487557","0","0.0200367261309668","0.00275004488686972","0.00138108689682527","0.0135243454003515","0.0204937460497708","0.05343406183491","0","0.0593644512172149","0.151494140312947","0.0200959244862171","0.000517525636160917","0.00713566182396078","0.00590840829571945","0.159443310440806","0.0112935465253641","0","0.157340563877657","0.319617945253305","0.106436187194121","0.0295035077678722","0","0.0497232403435445","0.346594005482872","0.00339823443432352","0.040259858791236","0.065474151002059","0.594884426842645","0.0252770969322655","0.121791656454239","0.162497173549624","0.249921368637247","0.102646193421821","0","0","0.206818263047896","0.00849136776001977","0","0.00168616329693326","0","0.0284405422068026","0","0"
"19","Market squid","0","0","0","0","0","0","0","0","0","0","0","0","0","0","0","0","0","0","0","0","0","0","0.0734890515622876","0","0","0","0","0","0","0","0","0","0.032128309487268","0","0","0","0","0.00434065963483566","0","0","0.0604188721335639","0.00227718834016993","0.00475410118268657","0","0.00652239747339747","0.00916875085353238","0.024093811056642","0","0.0238688524441705","0","0.0100910569590361","0","0","0","0","0","0","0.0237316060059741","0.0093439932827083","0.124827549988717","0","0.0556047080975857","0.000447127766477423","0.247958482521554","0.103710308556493","0.385890047727332","0","0.0813964829059069","0.186486280628338","0","0","0","0.142737625106661","0","0","0","0","0.0354885960718838","0.107587634704989","0.236875750600013","0.00368693723766844","0.0452823392426151","0","0","0.0707630556541325","0.00893112702712292","0","0","0.106955638137988","0","0","0"
"20","Sardine","0","0","0","0","0","0","0","0","0","0","0","0","0","0","0","0","0","0","0","0","0","0","0","0","0","0","0","0.00218048121347821","0","0","0","0","0","0","0","0.0759492306630035","0","0","0","0","0.128821308505013","0.0152654539273451","0","0","0.0135523384178622","0.0118539026747369","0.0513197607971491","0","0.058865555474861","0","0","0","0","0","0","0","0","0","0.0408107576053161","0","0","0","0","0","0","0","0","0","0","0","0","0.00546670218723905","0.029075299839213","0.0964167260270984","0.0622236424666149","0.0289532310585949","0.0642193305639501","0","0.113816969599816","0","0","0.0131429003797822","0","0","0.0441491337307711","0","0","0","0.0225138453156921","0","0.0371540849308867","0.239933358152363"
"21","Anchovy","0","0","0","0","0","0","0","0","0","0","0","0","0.000320927925775102","0","0","0","0","0.00486528990378524","0.00675405631179657","0","0","0","0","0","0","0","0.0172768602460974","0","0","0","0.0000676299047719408","0","0","0.1404950696348","0.0751257057281385","0.0000332797011854714","0","0.0948256277755091","0","0.0538022764517917","0.0796857138053591","0.00562706725292634","0.00939845029366079","0","0.0101676863696864","0.0564951304909588","0.181875297367417","0","0.0488197687651186","0","0","0","0","0","0","0","0.00177136731419296","0.00204073498538857","0.066754534601305","0.201408268236417","0","0.155170579879886","0.00170878175716828","0.199623958533755","0.133483218180562","0.0752548735019376","0","0","0.075282495839225","0","0","0","0.106365697058415","0.0515322343310052","0.130634005129909","0.0201071840614564","0","0.132985818322158","0.0253876750871612","0.0000393731751766687","0","0.0915352605074542","0","0","0.0497977198002783","0.112273130539381","0.138339856928101","0","0.196215076048247","0","0.126278745515801","0.661724671843289"
"22","Herring","0","0","0","0","0","0","0","0","0","0","0","0","0.018449522656453","0","0","0.00157055238823535","0","0","0","0","0","0","0","0","0","0","0","0","0.00592212011642733","0","0.000274003518850489","0","0.0722203993829609","0.104281134275615","0.00402091832961464","0.244648664110025","0.0096654125285753","0.0499886394277361","0","0.0306517995623586","0.0249739630912555","0.0111426422994795","0.0198396473594059","0.104189803821919","0.0320131484219256","0.00249985343650233","0.143431237452916","0","0.0558775811330135","0.0144996951810641","0","0","0","0","0.00946472071985507","0","0","0","0.0243325165052842","0.0615665530373394","0","0.0660028881048184","0","0","0.15285302460079","0","0","0","0.000241737810022563","0","0","0.0629017432787648","0.0146154073949269","0.0208528751098229","0.0304069342594659","0.0261718001975053","0","0.0362456017168584","0.0202457445958876","0","0","0.0252943790461531","0","0","0","0.0240348838581364","0.00804395727745512","0","0.143707690707441","0","0.0498577514234679","0"
"23","Pacific Mackerel","0","0","0","0","0","0","0","0","0","0","0","0","0","0","0","0","0","0","0","0","0","0","0","0","0","0","0","0","0","0","0","0","0","0","0","0","0","0","0","0","0.0661977069671206","0","0","0","0","0","0","0","0","0","0.00277292402771541","0","0","0","0","0","0","0","0.0485838965745955","0","0","0","0","0","0","0","0","0","0","0","0","0.0235242923934422","0.000806513259006549","0","0.00217893796036689","0","0","0","0.0155218509471136","0","0","0","0","0","0.0423864397891131","0","0","0","0","0","0","0.0188372020705932"
"24","Sandlance","0","0","0","0","0","0","0","0","0","0","0","0","0.0317377442116071","0","0","0","0","0","0","0","0","0","0.0338800221576976","0","0","0","0.0439765675932871","0","0","0","0.000283100565230323","0","0.0177997995787099","0.0118996569952907","0","0","0.00974498273713087","0","0","0.000143909334795","0.0239540687109932","0","0.0215037273850941","0.0514145660832083","0","0","0.0110705959183682","0","0.0010488859765235","0.00496833096743986","0","0","0.00323569453439874","0.0404139112760376","0","0","0.0018440877257408","0.0164469009811848","0","0.0316115418412018","0","0.262154063812038","0.380587527308424","0","0.176810547000264","0","0","0","0","0","0","0","0","0","0.0422001962867908","0.0205368002497285","0","0.0145516124246836","0.0128193747193516","0","0","0","0","0","0","0","0.0262838884749885","0.0549506633965689","0.158048438301715","0.0407626575343242","0.0157731568335317","0"
"25","White bait smelt","0","0","0","0","0","0","0","0","0","0","0","0","0.00977038278612872","0","0","0","0","0","0","0","0","0","0","0","0","0","0","0","0","0","0.00434667864146487","0","0","0.0610916495644526","0.0697263682670084","0","0","0","0","0","0","0.001409638905177","0.0232861403538996","0","0","0","0.00395638243768367","0","0.0000329146179953226","0","0","0","0","0","0","0","0","0","0","0.0130475354013899","0","0.00556915712126742","0","0","0","0","0","0","0","0","0","0","0","0","0.00268481979763969","0","0","0.00495337039100129","0.000063896603802717","0","0","0","0","0","0","0","0","0","0","0","0.00418172874581258","0"
"26","Other smelt","0","0","0","0","0","0","0","0","0","0","0","0","0.0403448496605066","0","0","0","0","0.00217015170991172","0","0","0","0","0","0","0","0","0","0","0","0","0","0","0.00119696313038579","0.0061213457939547","0","0","0.00781276754258569","0","0","0","0.00705111817262095","0.00601127048912036","0","0.00868445169282914","0","0","0.0454713339290438","0","0.00709509725727917","0","0.00350082652581998","0.0100718149276622","0","0","0","0","0","0","0","0.0423717054815183","0","0.0623660309923875","0","0","0","0","0","0","0","0","0","0","0.0288444069156943","0","0.0168485470473722","0","0","0.118488986730645","0.00919226783138572","0","0","0.00188950379611063","0","0","0","0.012647210296492","0","0","0.0590235363628441","0","0.0735777278860035","0"
"27","Saury","0","0","0","0","0","0","0","0","0","0","0","0","0","0","0","0","0","0","0","0","0","0","0","0","0","0","0","0","0","0","0.0134561139099284","0","0","0","0","0","0","0","0","0","0","0.00274508100818284","0.0039747423261249","0","0.00238448424577243","0.0401394047408057","0.0261826693235379","0","0.00932802264717418","0","0","0","0","0","0.00398503658878358","0","0","0","0.0166816076337383","0","0","0.0628497630434548","0.0787162249525725","0","0.173919020732893","0","0.0250565790607455","0","0.034727644082775","0","0","0","0.0185389639522028","0","0.030462189289496","0","0","0","0.00755851996649048","0","0","0.0390711417063433","0","0","0.00157673143847882","0","0","0","0","0","0","0.0375909375567858"
"28","Juv. rock.","0","0","0","0","0","0","0","0","0","0","0","0","0.000690872337647118","0","0","0.001044783940368","0","0.00605664479476284","0.0231086254232053","0","0","0","0.00219613560506457","0","0","0","0","0","0","0","0","0","0.0339687266144063","0.0302891013582758","0.00960362261763299","0.0137604231218903","0","0.0203693987935461","0","0.000621371389020681","0","0.0060676766511572","0.00784013325344619","0.00226182945272242","0.0388003406749001","0.000696579206246718","0.0559088972005011","0","0.0179214947083829","0","0","0.0176996508436763","0","0","0.0426530898244233","0.0200381936482831","0","0.0105184218501934","0","0.207879006828016","0","0.13439927585181","0.326212420076","0","0.0723179857849586","0","0","0.0269844104638137","0.0226217581865268","0.120509593736857","0","0","0.0031231041506768","0.0226741164279156","0.00151474364672507","0","0","0.00578490638550141","0.126442607702663","0.0319061042565842","0","0","0","0","0.0150505414173051","0.409691784095614","0.0999716759073312","0.340081534759296","0.0823977132703696","0.170413333505566","0","0.0220219979181333"
"29","Juv. hake","0","0","0","0","0","0","0","0","0","0","0","0","0","0","0","0","0","0","0","0","0","0","0","0","0","0","0","0","0.013134820205","0","0","0","0.00970509669271311","0.00173275747701873","0","0","0","0.0281318635742689","0","0.0023258006965654","0.0125613871134709","0.0421227250462458","0","0.186125770650278","0.0177474327539029","0.076775994088255","0.0109838520187613","0.0477749936635814","0.0202038868694352","0","0","0","0","0","0","0","0","0","0.0489939717278875","0.0566324239318697","0","0.00110435615423487","0","0","0.0345595486969152","0","0","0","0.0000752635473584509","0","0","0","0","0","0.0298723664676827","0","0","0.0132227563583377","0.0903066021839908","0.0849798730944582","0","0","0","0","0.0752527341051162","0","0","0","0","0","0.00097578398464055","0"
"30","Juv. flat.","0","0","0","0","0","0","0","0","0","0","0","0.0158100454769574","0.0133027125465034","0","0","0.0228932140377414","0","0.000214028171397491","0.0142144420914432","0","0","0","0.00191149361803327","0","0","0","0","0","0","0","0","0","0.00368736754696528","0","0","0","0","0.00642324013796646","0","0.0238385030552583","0.0113555570494683","0","0.0230379143471643","0.0152991415535061","0.00203045888349593","0","0.0147795087493511","0","0.0199117755321093","0","0","0.0016277698151643","0","0","0","0","0","0.0522341031787978","0","0.0327162455581332","0","0","0","0","0.0100208698827204","0","0","0","0","0","0","0","0","0","0","0","0","0","0.0181470025370447","0.00107921292722296","0","0","0","0","0.0179305605661854","0.123972275316418","0.0046731350931139","0.000913919690740659","0","0.178760729388528","0.000530033550489322","0"
"31","Juv. round.","0","0","0","0","0","0","0","0","0","0","0","0","0.00194319515806256","0","0","0.00126172640082892","0","0.002597235250719","0","0","0","0","0.0063789348581835","0","0","0","0","0","0","0","0","0","0.00435366522954433","0","0.00191993609505518","0","0","0.00546104965043817","0","0","0.00515303685008286","0","0.0287865351246672","0.00311678683399658","0.0186455381370259","0","0.00710965030759667","0","0.0173124334444254","0","0","0.00115265864580595","0","0","0","0","0","0.00896569392736194","0.00271192217017743","0.030132504823601","0","0.00609335732777407","0.0263984657143758","0","0","0","0","0","0.00578879260156894","0","0","0","0.0042543453282489","0","0","0","0","0.0111011891204668","0.00753841957045087","0.0236362842738054","0","0.00352890907292377","0","0","0","0.00211931266424279","0","0","0","0.0163424480986826","0","0"
"32","Juv. thorny.","0","0","0","0","0","0","0","0","0","0","0","0","0","0","0","0","0","0","0","0","0","0","0","0","0","0","0","0","0","0","0","0","0","0","0","0","0","0","0","0","0","0","0","0","0.0532038046869096","0","0","0","0","0","0","0","0","0","0.0388499622389423","0","0","0","0","0","0","0","0","0","0","0","0","0","0","0","0","0","0","0","0","0","0","0","0","0","0","0","0","0","0","0","0","0","0","0","0","0"
"33","Yellowtail rock.","0","0","0","0","0","0","0","0","0","0","0","0","0","0","0","0","0","0","0","0","0","0","0","0","0","0","0","0","0","0","0","0","0","0","0","0.0197340081321179","0","0.00602152207509307","0","0","0.00277836987848933","0","0.00667171309343467","0.000625965179199701","0.000285866047354042","0","0","0","0.000733064087472712","0","0","0","0","0","0","0","0","0.00248884573214757","0.00591642887093531","0","0","0","0","0","0","0","0","0","0","0","0","0.000733266411197374","0.00532645376031542","0","0","0","0.0189483212789949","0.0061836709001888","0.00332522657059265","0","0.000411223447207594","0.00688698201866565","0","0","0","0","0","0","0","0","0","0"
"34","Black rock.","0","0","0","0","0","0","0","0","0","0","0","0","0","0","0","0","0","0","0","0","0","0","0","0","0","0","0","0","0","0","0","0","0","0","0","0.00196255792392858","0","0","0","0","0","0","0.00161338740815953","0","0","0","0","0","0","0","0","0","0","0","0","0","0","0.000595329599448611","0.00129994141860616","0","0","0","0","0","0","0","0","0","0","0","0","0","0.00157789109095947","0","0","0","0.0017874639215603","0.0107225841077487","0.000649738387858223","0","0","0.00143694521894435","0","0","0","0","0","0","0","0","0","0"
"35","Nearshore rock.","0","0","0","0","0","0","0","0","0","0","0","0","0","0","0","0","0","0","0","0","0","0","0","0","0","0","0","0","0","0","0","0","0","0","0","0.000822504372768432","0","0","0","0","0","0","0.00244938843129224","0","0.000133070442506823","0","0","0","0","0","0","0","0","0","0","0","0","0","0","0","0","0","0","0","0","0","0","0","0","0","0","0.000601936753658473","0.000000293266470995794","0","0","0","0.00469830702766383","0.000588148387312266","0.000548089769298555","0","0","0.00159389087548952","0","0","0","0","0","0","0","0","0","0"
"36","Yelloweye rock.","0","0","0","0","0","0","0","0","0","0","0","0","0","0","0","0","0","0","0","0","0","0","0","0","0","0","0","0","0","0","0","0","0","0","0","0","0","0","0","0","0","0","0","0","0","0","0","0","0","0","0","0","0","0","0","0","0","0","0","0","0","0","0","0","0","0","0","0","0","0","0","0.00237020007402569","0","0","0","0","0","0","0","0","0","0","0","0","0","0","0","0","0","0","0","0"
"37","Greenstriped","0","0","0","0","0","0","0","0","0","0","0","0","0","0","0","0","0","0","0","0","0","0","0","0","0","0","0","0","0","0","0","0","0","0","0","0.00168578328601447","0","0","0","0","0","0","0.00115276291510067","0","0","0","0","0","0","0","0","0","0","0","0","0","0","0","0","0","0","0","0","0","0","0","0","0","0","0","0","0","0.0000469639263853875","0","0","0","0.00438856282667551","0.00278273723540555","0.00138830250953744","0","0","0.00318899483351024","0","0","0","0","0","0","0","0","0","0"
"38","Shelf rock.","0","0","0","0","0","0","0","0","0","0","0","0","0","0","0","0","0","0","0","0","0","0","0","0","0","0","0","0","0","0","0","0","0","0","0","0.0192909682762735","0","0.00467736491754226","0","0","0.00140318229451499","0","0.00502248860044395","0.000957375131444505","0.00246787163127522","0","0","0","0","0","0","0","0","0","0.00213578918443002","0","0","0.00363163665351381","0.00384785481773011","0","0","0","0","0","0","0","0","0","0","0","0","0.000213600255340848","0.00259311725165385","0","0","0","0.00955093681316825","0.0056997746643803","0.00536462818850715","0","0.00103646399796236","0.00372140862585546","0","0","0","0","0","0","0","0","0","0"
"39","Shortbelly","0","0","0","0","0","0","0","0","0","0","0","0","0","0","0","0","0","0","0","0","0","0","0","0","0","0","0","0","0","0","0","0","0","0","0","0.0141095357095398","0","0.000710633588429338","0","0","0.000910494452867022","0","0.00583807429744332","0.00967717294184168","0.0163888896495959","0","0","0","0.000926204569986392","0","0","0","0","0","0.00276472931879429","0","0","0.0155534256879515","0.0128892467867354","0","0","0","0","0","0","0","0","0","0","0","0","0.000273633307624343","0.00215587494055829","0","0","0","0.00760624823642246","0.00270220565733972","0.00249480643921704","0","0.00031496572909235","0.00481937600837649","0","0","0","0","0","0","0","0","0","0"
"40","Petrale sole","0","0","0","0","0","0","0","0","0","0","0","0","0","0","0","0","0","0","0","0","0","0","0","0","0","0","0","0","0","0","0","0","0","0","0","0","0","0","0","0","0.000808139206771113","0","0.00464649481955696","0.00124984723502053","0","0","0","0","0.000577443631986533","0","0","0","0","0","0","0","0","0.00430054322489427","0.0000737716832479547","0","0","0","0","0","0","0","0","0","0","0","0","0","0","0","0","0","0","0.00688196312089019","0","0","0","0","0","0","0","0","0","0","0","0","0","0"
"41","Halibut","0","0","0","0","0","0","0","0","0","0","0","0","0","0","0","0","0","0","0","0","0","0","0","0","0","0","0","0","0","0","0","0","0","0","0","0","0","0","0","0","0","0","0","0","0","0","0","0","0","0","0","0","0","0","0","0","0","0","0.00383822095643484","0","0","0","0","0","0","0","0","0","0","0","0","0.0161967484183439","0","0","0","0","0.0260660977983836","0","0","0","0","0","0","0","0","0","0","0","0","0","0","0"
"42","Hake","0","0","0","0","0","0","0","0","0","0","0","0","0","0","0","0","0","0","0","0","0","0","0","0","0","0","0","0","0","0","0","0","0.0262241602503227","0","0","0","0","0","0","0","0.178577254833673","0","0.109658916958815","0.376761550149021","0.188529006816301","0","0","0","0.13074016154309","0","0","0.0192574852876712","0","0","0.12596353311874","0","0","0.0305627879855834","0.246983511051997","0","0","0","0","0","0","0","0","0","0","0","0","0.0288316686770183","0.135744316602028","0","0","0","0.0387946803316433","0.0935220897026007","0.0849626311322377","0","0.0333433636817103","0.100119080186298","0","0","0","0","0","0","0","0","0","0"
"43","Lingcod","0","0","0","0","0","0","0","0","0","0","0","0","0","0","0","0","0","0","0","0","0","0","0","0","0","0","0","0","0","0","0","0","0","0","0","0","0","0","0","0","0","0","0","0","0.000393609802824858","0","0","0","0.0103670636795453","0","0","0","0","0","0","0","0","0","0.00286768811254446","0","0","0","0","0","0","0","0","0","0","0","0","0.0382085465335496","0","0","0","0","0.0289703431516739","0.0251157219434159","0.0142017565786573","0","0","0","0","0","0","0","0","0","0","0","0","0"
"44","Arrowtooth","0","0","0","0","0","0","0","0","0","0","0","0","0","0","0","0","0","0","0","0","0","0","0","0","0","0","0","0","0","0","0","0","0","0","0","0","0","0.00295837727734705","0","0","0.00541099416092589","0","0","0","0.000180394417609213","0","0","0","0.00126319374130767","0","0","0","0","0","0.00238516539218519","0","0","0.00282365523550304","0.00150338307360419","0","0","0","0","0","0","0","0","0","0","0","0","0.00660754824859009","0","0","0","0","0","0.00819475820386117","0","0","0","0","0","0","0","0","0","0","0","0","0","0"
"45","Sablefish","0","0","0","0","0","0","0","0","0","0","0","0","0","0","0","0","0","0","0","0","0","0","0","0","0","0","0","0","0","0","0","0","0","0","0","0","0","0","0","0","0.000496790836473064","0","0","0","0","0","0","0","0","0","0","0","0","0","0","0","0","0.00188073833202793","0","0","0","0","0","0","0","0","0","0","0","0","0","0.0167945769960055","0.00170369000009003","0","0","0","0.0378395084941942","0","0.00909926209650351","0","0","0.0218843150887506","0","0","0","0","0","0","0","0","0","0"
"46","Albacore","0","0","0","0","0","0","0","0","0","0","0","0","0","0","0","0","0","0","0","0","0","0","0","0","0","0","0","0","0","0","0","0","0","0","0","0","0","0","0","0","0","0","0","0","0","0","0","0","0","0","0","0","0","0","0","0","0","0","0.00188099174767574","0","0","0","0","0","0","0","0","0","0","0","0","0.00169479712043502","0","0","0","0","0","0","0","0","0","0","0","0","0","0","0","0","0","0","0","0"
"47","Salmon","0","0","0","0","0","0","0","0","0","0","0","0","0","0","0","0","0","0","0","0","0","0","0","0","0","0","0","0","0","0","0","0","0","0.0584933287194716","0.00402591654343472","0","0","0","0","0","0.017913360416315","0","0.000652087433354917","0.000210718284834182","0.00618035737848432","0.000511966934132931","0","0","0","0","0","0","0","0","0","0","0","0","0.0153714574723366","0.0235444029608135","0","0.0768587599981911","0","0","0.0434303161982496","0","0","0","0","0","0","0.258928806519278","0.0130889889882499","0","0.0196664123781416","0","0","0.0580109707652825","0.0370180769055617","0","0","0.0452209047148875","0","0","0","0","0.0021586188158696","0","0","0","0.389567438959436","0"
"48","Grenadiers","0","0","0","0","0","0","0","0","0","0","0","0","0","0","0","0","0","0","0","0","0","0","0","0","0","0","0","0","0","0","0","0","0","0","0","0","0","0","0","0","0","0","0","0","0.0082055871456968","0","0","0","0","0","0","0","0","0","0.00468693867039183","0","0","0","0","0","0","0","0","0","0","0","0","0","0","0","0","0.012778336200017","0","0","0","0","0.0399826528932748","0","0","0","0.0104117970257419","0","0","0","0","0","0","0","0","0","0","0"
"49","Dogfish","0","0","0","0","0","0","0","0","0","0","0","0","0","0","0","0","0","0","0","0","0","0","0","0","0","0","0","0","0","0","0","0","0","0","0.00836407512492968","0","0","0","0","0","0","0","0.0017728458490747","0","0.00344043323590445","0","0","0","0","0","0","0","0","0","0","0","0","0","0.0113350966401897","0","0","0","0","0","0","0","0","0","0","0","0","0.00988306856489441","0.00334090564793544","0","0","0","0.0333155658572241","0","0.00280078193031319","0.0192386995906035","0.0103134196824418","0","0","0","0","0","0","0","0","0","0","0"
"50","Canary rock.","0","0","0","0","0","0","0","0","0","0","0","0","0","0","0","0","0","0","0","0","0","0","0","0","0","0","0","0","0","0","0","0","0","0","0","0.00870719457248851","0","0","0","0","0","0","0.000382649147878277","0","0","0","0","0","0","0","0","0","0","0","0","0","0","0","0","0","0","0","0","0","0","0","0","0","0","0","0","0","0","0","0","0","0.000366944698910066","0.000334874515232619","0.000252913445358926","0","0","0.00012013643905458","0","0","0","0","0","0","0","0","0","0"
"51","P. Ocean Perch","0","0","0","0","0","0","0","0","0","0","0","0","0","0","0","0","0","0","0","0","0","0","0","0","0","0","0","0","0","0","0","0","0","0","0","0.00102633570681076","0","0","0","0","0","0","0","0","0","0","0","0","0","0","0","0","0","0","0","0","0","0","0","0","0","0","0","0","0","0","0","0","0","0","0","0","0.000661991590521878","0","0","0","0.00342976861727036","0.000715154102759497","0.00207252263966547","0","0","0.000848423350723241","0","0","0","0","0","0","0","0","0","0"
"52","Widow rock.","0","0","0","0","0","0","0","0","0","0","0","0","0","0","0","0","0","0","0","0","0","0","0","0","0","0","0","0","0","0","0","0","0","0","0","0.0139042817228446","0","0.00074215643563954","0","0","0.0010097415146173","0","0.00227116086778757","0.000115190289270478","0.000755548545954819","0","0","0","0","0","0","0","0","0","0","0","0","0.0020265643587128","0.000663595674662575","0","0","0","0","0","0","0","0","0","0","0","0","0.00215643384443508","0.00315495189512466","0","0","0","0.0108331624393142","0.00531182769337023","0.00246530200405676","0","0.000894070230116451","0.0104579457962152","0","0","0","0","0","0","0","0","0","0"
"53","Splitnose rock.","0","0","0","0","0","0","0","0","0","0","0","0","0","0","0","0","0","0","0","0","0","0","0","0","0","0","0","0","0","0","0","0","0","0","0","0.00928169629868109","0","0.00149593766657813","0","0","0.000987052719482199","0","0","0.000325554226946438","0.000398832442560162","0","0","0","0","0","0","0","0","0","0.00158546127506331","0","0","0.00988576938124474","0.00217618185610973","0","0","0","0","0","0","0","0","0","0","0","0","0","0.000342984729847115","0","0","0","0.0107778038435167","0.00113652799391092","0.00131274240790097","0","0.00384574969695463","0.00947796878773342","0","0","0","0","0","0","0","0","0","0"
"54","Slope rock.","0","0","0","0","0","0","0","0","0","0","0","0","0","0","0","0","0","0","0","0","0","0","0","0","0","0","0","0","0","0","0","0","0","0","0","0.00604649999813273","0","0","0","0","0","0","0","0","0.000805683951142838","0","0","0","0","0","0","0","0","0","0.000201510625985102","0","0","0.00190067351409168","0.00267929799433547","0","0","0","0","0","0","0","0","0","0","0","0","0","0.000000931274837091676","0","0","0","0.00468281150533303","0.00365067900705057","0.000755142462384366","0","0.000154638850454226","0.00251752047532936","0","0","0","0","0","0","0","0","0","0"
"55","Shortspine thorny.","0","0","0","0","0","0","0","0","0","0","0","0","0","0","0","0","0","0","0","0","0","0","0","0","0","0","0","0","0","0","0","0","0","0","0","0","0","0","0","0","0","0","0","0","0.014590797312415","0","0","0","0","0","0","0","0","0","0","0","0","0","0","0","0","0","0","0","0","0","0","0","0","0","0","0","0","0","0","0","0.00269137582311462","0","0","0","0.000474017251359537","0","0","0","0","0","0","0","0","0","0","0"
"56","Longspine thorny.","0","0","0","0","0","0","0","0","0","0","0","0","0","0","0","0","0","0","0","0","0","0","0","0","0","0","0","0","0","0","0","0","0","0","0","0","0","0","0","0","0","0","0","0","0.0120138462727399","0","0","0","0","0","0","0","0","0","0.00563333511116817","0","0","0","0","0","0","0","0","0","0","0","0","0","0","0","0","0","0","0","0","0","0","0","0","0","0","0","0","0","0","0","0","0","0","0","0","0"
"57","Flatfish","0","0","0","0","0","0","0","0","0","0","0","0","0.0144609537278396","0","0","0.00892431164731749","0","0","0","0","0","0","0","0","0","0","0","0","0","0","0","0","0.020684430418772","0.00956029939247065","0.00393450724782113","0.119432686157314","0","0.0158335095446257","0","0.405973287792738","0.0675158531647437","0.010354434696192","0.16539711388541","0.0497847199060322","0.0418090856843779","0","0.00527222555666632","0","0.0523667738469028","0","0","0.00395430296057854","0","0","0.00923485486124712","0.00591118254855215","0","0.110832620941869","0.0205433392641967","0","0","0","0","0","0","0","0","0","0","0","0","0.0269204150898828","0.0153996579126457","0","0","0","0","0.177008097461105","0.0287092648633287","0","0.000160049535564802","0.00109453320890614","0","0","0","0","0","0","0","0","0","0"
"58","Skates","0","0","0","0","0","0","0","0","0","0","0","0","0","0","0","0","0","0","0","0","0","0","0","0","0","0","0","0","0","0","0","0","0","0","0","0","0","0","0","0","0","0","0","0","0.0000199121997577964","0","0","0","0","0","0","0","0","0","0","0","0","0","0.00127367828203081","0","0","0","0","0","0","0","0","0","0","0","0","0.0116627427850196","0.00403970905291103","0","0","0","0.019206222130653","0","0.00853214342910617","0.0110939093816271","0.00664694663379955","0","0","0","0","0","0","0","0","0","0","0"
"59","Sharks","0","0","0","0","0","0","0","0","0","0","0","0","0","0","0","0","0","0","0","0","0","0","0","0","0","0","0","0","0","0","0","0","0","0","0","0","0","0","0","0","0","0","0","0","0","0","0","0","0","0","0","0","0","0","0","0","0","0","0.00591368755690975","0","0","0","0","0","0","0","0","0","0","0","0.00382217858527976","0.000182099452996865","0.000183849015024938","0","0","0","0","0","0","0","0","0","0","0","0","0","0","0","0","0","0","0"
"60","Common murre","0","0","0","0","0","0","0","0","0","0","0","0","0","0","0","0","0","0","0","0","0","0","0","0","0","0","0","0","0","0","0","0","0","0","0","0","0","0","0","0","0","0","0","0","0","0","0","0","0","0","0","0","0","0","0","0","0","0","0","0","0","0","0","0","0","0","0","0","0","0","0","0","0","0","0","0","0","0","0","0","0","0","0","0","0","0","0","0","0","0","0","0"
"61","Cassin's auklet","0","0","0","0","0","0","0","0","0","0","0","0","0","0","0","0","0","0","0","0","0","0","0","0","0","0","0","0","0","0","0","0","0","0","0","0","0","0","0","0","0","0","0","0","0","0","0","0","0","0","0","0","0","0","0","0","0","0","0","0","0","0","0","0","0","0","0","0","0","0","0","0","0","0","0","0","0","0","0","0","0","0","0","0","0","0","0","0","0","0","0","0"
"62","Rhino. auklet","0","0","0","0","0","0","0","0","0","0","0","0","0","0","0","0","0","0","0","0","0","0","0","0","0","0","0","0","0","0","0","0","0","0","0","0","0","0","0","0","0","0","0","0","0","0","0","0","0","0","0","0","0","0","0","0","0","0","0","0","0","0","0","0","0","0","0","0","0","0","0","0","0","0","0","0","0","0","0","0","0","0","0","0","0","0","0","0","0","0","0","0"
"63","Tufted Puffin","0","0","0","0","0","0","0","0","0","0","0","0","0","0","0","0","0","0","0","0","0","0","0","0","0","0","0","0","0","0","0","0","0","0","0","0","0","0","0","0","0","0","0","0","0","0","0","0","0","0","0","0","0","0","0","0","0","0","0","0","0","0","0","0","0","0","0","0","0","0","0","0","0","0","0","0","0","0","0","0","0","0","0","0","0","0","0","0","0","0","0","0"
"64","Cali. gull","0","0","0","0","0","0","0","0","0","0","0","0","0","0","0","0","0","0","0","0","0","0","0","0","0","0","0","0","0","0","0","0","0","0","0","0","0","0","0","0","0","0","0","0","0","0","0","0","0","0","0","0","0","0","0","0","0","0","0","0","0","0","0","0","0","0","0","0","0","0","0","0","0","0","0","0","0","0","0","0","0","0","0","0","0","0","0","0","0","0","0","0"
"65","Western Gull","0","0","0","0","0","0","0","0","0","0","0","0","0","0","0","0","0","0","0","0","0","0","0","0","0","0","0","0","0","0","0","0","0","0","0","0","0","0","0","0","0","0","0","0","0","0","0","0","0","0","0","0","0","0","0","0","0","0","0","0","0","0","0","0","0","0","0","0","0","0","0","0","0","0","0","0","0","0","0","0","0","0","0","0","0","0","0","0","0","0","0","0"
"66","Kittiwake","0","0","0","0","0","0","0","0","0","0","0","0","0","0","0","0","0","0","0","0","0","0","0","0","0","0","0","0","0","0","0","0","0","0","0","0","0","0","0","0","0","0","0","0","0","0","0","0","0","0","0","0","0","0","0","0","0","0","0","0","0","0","0","0","0","0","0","0","0","0","0","0","0","0","0","0","0","0","0","0","0","0","0","0","0","0","0","0","0","0","0","0"
"67","Albatross","0","0","0","0","0","0","0","0","0","0","0","0","0","0","0","0","0","0","0","0","0","0","0","0","0","0","0","0","0","0","0","0","0","0","0","0","0","0","0","0","0","0","0","0","0","0","0","0","0","0","0","0","0","0","0","0","0","0","0","0","0","0","0","0","0","0","0","0","0","0","0","0","0","0","0","0","0","0","0","0","0","0","0","0","0","0","0","0","0","0","0","0"
"68","Fulmar","0","0","0","0","0","0","0","0","0","0","0","0","0","0","0","0","0","0","0","0","0","0","0","0","0","0","0","0","0","0","0","0","0","0","0","0","0","0","0","0","0","0","0","0","0","0","0","0","0","0","0","0","0","0","0","0","0","0","0","0","0","0","0","0","0","0","0","0","0","0","0","0","0","0","0","0","0","0","0","0","0","0","0","0","0","0","0","0","0","0","0","0"
"69","Shearwater","0","0","0","0","0","0","0","0","0","0","0","0","0","0","0","0","0","0","0","0","0","0","0","0","0","0","0","0","0","0","0","0","0","0","0","0","0","0","0","0","0","0","0","0","0","0","0","0","0","0","0","0","0","0","0","0","0","0","0","0","0","0","0","0","0","0","0","0","0","0","0","0","0","0","0","0","0","0","0","0","0","0","0","0","0","0","0","0","0","0","0","0"
"70","Leach's S. Petrel","0","0","0","0","0","0","0","0","0","0","0","0","0","0","0","0","0","0","0","0","0","0","0","0","0","0","0","0","0","0","0","0","0","0","0","0","0","0","0","0","0","0","0","0","0","0","0","0","0","0","0","0","0","0","0","0","0","0","0","0","0","0","0","0","0","0","0","0","0","0","0","0","0","0","0","0","0","0","0","0","0","0","0","0","0","0","0","0","0","0","0","0"
"71","Transient Orcas","0","0","0","0","0","0","0","0","0","0","0","0","0","0","0","0","0","0","0","0","0","0","0","0","0","0","0","0","0","0","0","0","0","0","0","0","0","0","0","0","0","0","0","0","0","0","0","0","0","0","0","0","0","0","0","0","0","0","0","0","0","0","0","0","0","0","0","0","0","0","0","0","0","0","0","0","0","0","0","0","0","0","0","0","0","0","0","0","0","0","0","0"
"72","Resident Orcas","0","0","0","0","0","0","0","0","0","0","0","0","0","0","0","0","0","0","0","0","0","0","0","0","0","0","0","0","0","0","0","0","0","0","0","0","0","0","0","0","0","0","0","0","0","0","0","0","0","0","0","0","0","0","0","0","0","0","0","0","0","0","0","0","0","0","0","0","0","0","0","0","0","0","0","0","0","0","0","0","0","0","0","0","0","0","0","0","0","0","0","0"
"73","Porpoises","0","0","0","0","0","0","0","0","0","0","0","0","0","0","0","0","0","0","0","0","0","0","0","0","0","0","0","0","0","0","0","0","0","0","0","0","0","0","0","0","0","0","0","0","0","0","0","0","0","0","0","0","0","0","0","0","0","0","0.0129296263578761","0","0","0","0","0","0","0","0","0","0","0","0.00218104473295555","0","0","0","0","0","0","0","0","0","0","0","0","0","0","0","0","0","0","0","0","0"
"74","Humpback whale","0","0","0","0","0","0","0","0","0","0","0","0","0","0","0","0","0","0","0","0","0","0","0","0","0","0","0","0","0","0","0","0","0","0","0","0","0","0","0","0","0","0","0","0","0","0","0","0","0","0","0","0","0","0","0","0","0","0","0","0","0","0","0","0","0","0","0","0","0","0","0.0377143520590717","0","0","0","0","0","0","0","0","0","0","0","0","0","0","0","0","0","0","0","0","0"
"75","Minke whale","0","0","0","0","0","0","0","0","0","0","0","0","0","0","0","0","0","0","0","0","0","0","0","0","0","0","0","0","0","0","0","0","0","0","0","0","0","0","0","0","0","0","0","0","0","0","0","0","0","0","0","0","0","0","0","0","0","0","0","0","0","0","0","0","0","0","0","0","0","0","0.00166363677585725","0","0","0","0","0","0","0","0","0","0","0","0","0","0","0","0","0","0","0","0","0"
"76","Fin whale","0","0","0","0","0","0","0","0","0","0","0","0","0","0","0","0","0","0","0","0","0","0","0","0","0","0","0","0","0","0","0","0","0","0","0","0","0","0","0","0","0","0","0","0","0","0","0","0","0","0","0","0","0","0","0","0","0","0","0","0","0","0","0","0","0","0","0","0","0","0","0.0134763597344943","0","0","0","0","0","0","0","0","0","0","0","0","0","0","0","0","0","0","0","0","0"
"77","Sperm whale","0","0","0","0","0","0","0","0","0","0","0","0","0","0","0","0","0","0","0","0","0","0","0","0","0","0","0","0","0","0","0","0","0","0","0","0","0","0","0","0","0","0","0","0","0","0","0","0","0","0","0","0","0","0","0","0","0","0","0","0","0","0","0","0","0","0","0","0","0","0","0.000458620037004106","0","0","0","0","0","0","0","0","0","0","0","0","0","0","0","0","0","0","0","0","0"
"78","Harbor seals","0","0","0","0","0","0","0","0","0","0","0","0","0","0","0","0","0","0","0","0","0","0","0","0","0","0","0","0","0","0","0","0","0","0","0","0","0","0","0","0","0","0","0","0","0","0","0","0","0","0","0","0","0","0","0","0","0","0","0.0106237450184236","0","0","0","0","0","0","0","0","0","0","0","0.00233360716136404","0","0","0","0","0","0","0","0","0","0","0","0","0","0","0","0","0","0","0","0","0"
"79","Sea Lions","0","0","0","0","0","0","0","0","0","0","0","0","0","0","0","0","0","0","0","0","0","0","0","0","0","0","0","0","0","0","0","0","0","0","0","0","0","0","0","0","0","0","0","0","0","0","0","0","0","0","0","0","0","0","0","0","0","0","0.0268872339362027","0","0","0","0","0","0","0","0","0","0","0","0.0122133538819385","0","0","0","0","0","0","0","0","0","0","0","0","0","0","0","0","0","0","0","0","0"
"80","Juv. Ele. Seal","0","0","0","0","0","0","0","0","0","0","0","0","0","0","0","0","0","0","0","0","0","0","0","0","0","0","0","0","0","0","0","0","0","0","0","0","0","0","0","0","0","0","0","0","0","0","0","0","0","0","0","0","0","0","0","0","0","0","0","0","0","0","0","0","0","0","0","0","0","0","0","0","0","0","0","0","0","0","0","0","0","0","0","0","0","0","0","0","0","0","0","0"
"81","Adult N. Ele. Seal","0","0","0","0","0","0","0","0","0","0","0","0","0","0","0","0","0","0","0","0","0","0","0","0","0","0","0","0","0","0","0","0","0","0","0","0","0","0","0","0","0","0","0","0","0","0","0","0","0","0","0","0","0","0","0","0","0","0","0.0220558536340576","0","0","0","0","0","0","0","0","0","0","0","0.00238077149861844","0","0","0","0","0","0","0","0","0","0","0","0","0","0","0","0","0","0","0","0","0"
"82","Fur seals","0","0","0","0","0","0","0","0","0","0","0","0","0","0","0","0","0","0","0","0","0","0","0","0","0","0","0","0","0","0","0","0","0","0","0","0","0","0","0","0","0","0","0","0","0","0","0","0","0","0","0","0","0","0","0","0","0","0","0","0","0","0","0","0","0","0","0","0","0","0","0.00330832324860498","0","0","0","0","0","0","0","0","0","0","0","0","0","0","0","0","0","0","0","0","0"
"83","Blue whale","0","0","0","0","0","0","0","0","0","0","0","0","0","0","0","0","0","0","0","0","0","0","0","0","0","0","0","0","0","0","0","0","0","0","0","0","0","0","0","0","0","0","0","0","0","0","0","0","0","0","0","0","0","0","0","0","0","0","0","0","0","0","0","0","0","0","0","0","0","0","0.0326456610091444","0","0","0","0","0","0","0","0","0","0","0","0","0","0","0","0","0","0","0","0","0"
"84","Gray whale","0","0","0","0","0","0","0","0","0","0","0","0","0","0","0","0","0","0","0","0","0","0","0","0","0","0","0","0","0","0","0","0","0","0","0","0","0","0","0","0","0","0","0","0","0","0","0","0","0","0","0","0","0","0","0","0","0","0","0","0","0","0","0","0","0","0","0","0","0","0","0.0910681821405152","0","0","0","0","0","0","0","0","0","0","0","0","0","0","0","0","0","0","0","0","0"
"85","Dolphins","0","0","0","0","0","0","0","0","0","0","0","0","0","0","0","0","0","0","0","0","0","0","0","0","0","0","0","0","0","0","0","0","0","0","0","0","0","0","0","0","0","0","0","0","0","0","0","0","0","0","0","0","0","0","0","0","0","0","0","0","0","0","0","0","0","0","0","0","0","0","0.0170832410297163","0","0","0","0","0","0","0","0","0","0","0","0","0","0","0","0","0","0","0","0","0"
"86","Brandt's corm.","0","0","0","0","0","0","0","0","0","0","0","0","0","0","0","0","0","0","0","0","0","0","0","0","0","0","0","0","0","0","0","0","0","0","0","0","0","0","0","0","0","0","0","0","0","0","0","0","0","0","0","0","0","0","0","0","0","0","0","0","0","0","0","0","0","0","0","0","0","0","0","0","0","0","0","0","0","0","0","0","0","0","0","0","0","0","0","0","0","0","0","0"
"87","Double corm.","0","0","0","0","0","0","0","0","0","0","0","0","0","0","0","0","0","0","0","0","0","0","0","0","0","0","0","0","0","0","0","0","0","0","0","0","0","0","0","0","0","0","0","0","0","0","0","0","0","0","0","0","0","0","0","0","0","0","0","0","0","0","0","0","0","0","0","0","0","0","0","0","0","0","0","0","0","0","0","0","0","0","0","0","0","0","0","0","0","0","0","0"
"88","Pelagic cormorant","0","0","0","0","0","0","0","0","0","0","0","0","0","0","0","0","0","0","0","0","0","0","0","0","0","0","0","0","0","0","0","0","0","0","0","0","0","0","0","0","0","0","0","0","0","0","0","0","0","0","0","0","0","0","0","0","0","0","0","0","0","0","0","0","0","0","0","0","0","0","0","0","0","0","0","0","0","0","0","0","0","0","0","0","0","0","0","0","0","0","0","0"
"89","Murrelet","0","0","0","0","0","0","0","0","0","0","0","0","0","0","0","0","0","0","0","0","0","0","0","0","0","0","0","0","0","0","0","0","0","0","0","0","0","0","0","0","0","0","0","0","0","0","0","0","0","0","0","0","0","0","0","0","0","0","0","0","0","0","0","0","0","0","0","0","0","0","0","0","0","0","0","0","0","0","0","0","0","0","0","0","0","0","0","0","0","0","0","0"
"90","Pigeon Guillemot","0","0","0","0","0","0","0","0","0","0","0","0","0","0","0","0","0","0","0","0","0","0","0","0","0","0","0","0","0","0","0","0","0","0","0","0","0","0","0","0","0","0","0","0","0","0","0","0","0","0","0","0","0","0","0","0","0","0","0","0","0","0","0","0","0","0","0","0","0","0","0","0","0","0","0","0","0","0","0","0","0","0","0","0","0","0","0","0","0","0","0","0"
"91","Caspian tern","0","0","0","0","0","0","0","0","0","0","0","0","0","0","0","0","0","0","0","0","0","0","0","0","0","0","0","0","0","0","0","0","0","0","0","0","0","0","0","0","0","0","0","0","0","0","0","0","0","0","0","0","0","0","0","0","0","0","0","0","0","0","0","0","0","0","0","0","0","0","0","0","0","0","0","0","0","0","0","0","0","0","0","0","0","0","0","0","0","0","0","0"
"92","Brown Pelican","0","0","0","0","0","0","0","0","0","0","0","0","0","0","0","0","0","0","0","0","0","0","0","0","0","0","0","0","0","0","0","0","0","0","0","0","0","0","0","0","0","0","0","0","0","0","0","0","0","0","0","0","0","0","0","0","0","0","0","0","0","0","0","0","0","0","0","0","0","0","0","0","0","0","0","0","0","0","0","0","0","0","0","0","0","0","0","0","0","0","0","0"
"93","Detritus","0","1","0.792214717669591","0.572406892437007","0.23839854539568","0","0","0","0.24122332322251","0","0.38426758034735","0.112136345829128","0.00502545860950695","0.0913190490298092","0","0.0291610293607964","0","0","0","0","0","0","0","0","0","0","0","0","0","0","0","0","0","0","0","0","0","0","0","0","0.0125339215925737","0","0","0","0.0576878388191242","0","0","0.156129568369166","0.0021496685319798","0","0","0","0","0","0","0.0188485079293526","0","0","0","0","0","0","0","0","0","0","0","0","0","0","0","0","0","0","0","0","0","0","0","0","0","0","0","0","0","0","0","0","0","0","0","0"
"94","Import","0","0","0","0","0","0","0","0","0","0","0","0","0.0171912794945881","0","0","0","0.0359521980687325","0","0","0.00171345417717679","0.00227470788922769","0.0221647589932417","0","0.00987258422076244","0.0769775549320849","0.0352337027533844","0.141653014749044","0","0","0","0","0","0.0116981084210214","0.0301681441876091","0","0","0","0","0","0","0.19521544907364","0","0.00032506296625831","0.0240116112583394","0.0406369213636084","0.760381212898637","0.00813720316324474","0","0.00618333812042224","0.00437630590396438","0","0","0.0210375131363425","0","0.061754602509498","0","0","0.0202343816206071","0.126381411493766","0.00861205660238092","0.162196388304507","0.0201378922055702","0.00622502353481008","0.386567845736873","0.0274051797247473","0.518199042952323","0.81355710665883","0.478458631537548","0.459950593558335","0","0.779650668105436","0.375736498894996","0.0592123288298847","0.512344026502616","0.0488647605969591","0","0","0.0365379780362048","0.061037226771226","0.282750444105568","0.605963941264245","0.447990723920299","0.483004356573797","0.32691065667184","0.19477243253009","0.17660996831411","0.322790440086056","0.181508095004454","0.0490983609511561","0.199140962440137","0.0738362620394409","0.0198918324588349"
